use dr_pelos;

insert into JefeBodega(cedula, nombre, apellido, genero) values ("0123429767","Tamara","Flores Davalos","F");
insert into JefeBodega(cedula, nombre, apellido, genero) values ("0870341019","Crithina","Vera Bermudez","F");
insert into JefeBodega(cedula, nombre, apellido, genero) values ("0452034418","Melany","Sanzhez","F");
insert into JefeBodega(cedula, nombre, apellido, genero) values ("0300246437","Crithina","Figueroa Mera","F");
insert into JefeBodega(cedula, nombre, apellido, genero) values ("0976892676","Raul","Morena Cedeño","F");
insert into JefeBodega(cedula, nombre, apellido, genero) values ("0018902556","Domenica","Davalos","F");
insert into JefeBodega(cedula, nombre, apellido, genero) values ("0715787593","Tamara","Figueroa Figueroa","F");
insert into JefeBodega(cedula, nombre, apellido, genero) values ("0275622694","Paulette","Bonilla","F");
insert into JefeBodega(cedula, nombre, apellido, genero) values ("0483386297","Crithina","Morena","F");
insert into JefeBodega(cedula, nombre, apellido, genero) values ("0591959346","Tamara","Bermudez","F");
insert into JefeBodega(cedula, nombre, apellido, genero) values ("0765274817","Jonathan","Piero Tobar","F");

insert into Cliente(cedula, nombre, apellido, genero, FechaNacimiento, correo, direccion, telefono) values ("0072150771","Zoila","Cordova","F","1992-09-11","rxmegq@hotmail.es","Calle Luis Cordero 16-50 y Av. Héroes de Verdeloma","0174422545");
insert into Cliente(cedula, nombre, apellido, genero, FechaNacimiento, correo, direccion, telefono) values ("0185409059","Melany","Carrera","F","1982-06-14","rmoumdyo@gmail.com","Ciudadela California, calle Chone, entre Junín y Santa Ana","0752477407");
insert into Cliente(cedula, nombre, apellido, genero, FechaNacimiento, correo, direccion, telefono) values ("0245698039","Crithina","Figueroa Cordova","F","1977-12-01","cblp@hotmail.es","Av. 9 de Octubre N27-75 y Berlín","0964399835");
insert into Cliente(cedula, nombre, apellido, genero, FechaNacimiento, correo, direccion, telefono) values ("0915727278","Jefferson","Pulla Davalos","F","1993-11-12","yepmhq@outlook.es","Ciudadela California, calle Chone, entre Junín y Santa Ana","0675553839");
insert into Cliente(cedula, nombre, apellido, genero, FechaNacimiento, correo, direccion, telefono) values ("0587833745","Erick","Cordova","F","2001-04-26","xovig@hotmail.es","Cdla. IETEL, Mz 28 lote 1","0196385531");
insert into Cliente(cedula, nombre, apellido, genero, FechaNacimiento, correo, direccion, telefono) values ("0993060662","Milena","Tobar","F","1987-02-20","mpwqnwk@espol.edu.ec","Av. 9 de Octubre N27-75 y Berlín","0282984328");
insert into Cliente(cedula, nombre, apellido, genero, FechaNacimiento, correo, direccion, telefono) values ("0982632889","Paulette","Vazquez","F","1996-06-16","uzmgifbk@hotmail.es","Av. Circunvalación y Av. Río Aguarico","0088590572");
insert into Cliente(cedula, nombre, apellido, genero, FechaNacimiento, correo, direccion, telefono) values ("0711672730","Diana","Pulla","F","1992-09-06","oztwexpt@gmail.com","Av. 9 de Octubre N 27-75 y Berlín","0051389664");
insert into Cliente(cedula, nombre, apellido, genero, FechaNacimiento, correo, direccion, telefono) values ("0542758891","Renato","Cedeño","F","1978-08-24","vnqf@outlook.es","Estación de Comprobación Técnica Vía Chambo Km 2","0741783438");
insert into Cliente(cedula, nombre, apellido, genero, FechaNacimiento, correo, direccion, telefono) values ("0848760370","Raul","Jacho Bonilla","F","1972-06-10","rcdmzp@hotmail.com","Av. 9 de Octubre N27-75 y Berlín","0692525345");
insert into Cliente(cedula, nombre, apellido, genero, FechaNacimiento, correo, direccion, telefono) values ("0091771707","Diana","Piero Vera","F","1991-01-21","zbrvvr@outlook.es","Av. 9 de Octubre N27-75 y Berlín","0743250380");
insert into Cliente(cedula, nombre, apellido, genero, FechaNacimiento, correo, direccion, telefono) values ("0313390456","Carlos","Mera Figueroa","F","1976-05-12","lkuafyg@gmail.com","Estación de Comprobación Técnica Vía Chambo Km 2","0763305030");
insert into Cliente(cedula, nombre, apellido, FechaNacimiento, genero, correo, direccion, telefono) Values ("0931657365","Bryan","Sanchez","1999-12-18","M","brymsanc@espol.edu.ec","Acuarela del rio Mz 2 V1","0989195454");
insert into Cliente(cedula, nombre, apellido, FechaNacimiento, genero, correo, direccion, telefono) Values ("7894561230","Mois","Cabezas","1999-12-25","M","bmsa@espol.edu.ec","Sauces","0989845621");
insert into Cliente(cedula, nombre, apellido, FechaNacimiento, genero, correo, direccion, telefono) Values ("1234560785","Josue","Davalos","1990-01-02","M","josuetunene@gmail.com","Acuarela del rio Mz 2 V1","0935698745");
insert into Cliente(cedula, nombre, apellido, FechaNacimiento, genero, correo, direccion, telefono) Values ("7412589630","Galrer","Saltos","1975-01-18","M","gallarota@gmail.com","Sauces 9 V1","0956471236");
insert into Cliente(cedula, nombre, apellido, FechaNacimiento, genero, correo, direccion, telefono) Values ("9632587410","Ginger","Saltos","1960-02-04","F","gsaltos@espol.edu.ec","Ceibos","0956847125");
insert into Cliente(cedula, nombre, apellido, FechaNacimiento, genero, correo, direccion, telefono) Values ("8521479630","Eduardo","Cruz","1975-05-08","M","ecruz@espol.edu.ec","Entrada de la 8","0965748954");
insert into Cliente(cedula, nombre, apellido, FechaNacimiento, genero, correo, direccion, telefono) Values ("0254136987","Allan","Galarraga","1990-04-05","M","elgala@espol.edu.ec","Acuarela del rio Mz 2 V1","0984571659");
insert into Cliente(cedula, nombre, apellido, FechaNacimiento, genero, correo, direccion, telefono) Values ("8544961234","Kimberly","Suarez","1999-12-18","F","kimberlyprexiositaemoxitap@espol.edu.ec","Aquisito","0945687521");
insert into Cliente(cedula, nombre, apellido, FechaNacimiento, genero, correo, direccion, telefono) Values ("0931655365","Jefferson","Sanchez","1999-11-18","M","jeffer@espol.edu.ec","Mapasingue Oeste","0954645756");

insert into Producto(nombre, categoria, precio) values ("Pelota","Juguete",10.55);
insert into Producto(nombre, categoria, precio) values ("Hueso","Juguete",11.85);
insert into Producto(nombre, categoria, precio) values ("Camisa Avenger","Ropa",10.99);
insert into Producto(nombre, categoria, precio) values ("Lazo","Ropa",1.10);
insert into Producto(nombre, categoria, precio) values ("Antimoquillo","Medina",4.50);
insert into Producto(nombre, categoria, precio) values ("Paracetamol","Medina",4.55);
insert into Producto(nombre, categoria, precio) values ("Cereal grande","Alimento",14.15);
insert into Producto(nombre, categoria, precio) values ("Hueso comestible","Alimento",2.50);
insert into Producto(nombre, categoria, precio) values ("Pelota saltarina","Juguete",1.00);
insert into Producto(nombre, categoria, precio) values ("Cereal pequeño","Alimento",5.55);

insert into sucursal(direccion) values ("Sauce 2 C 3era. Av. 8va.");
insert into sucursal(direccion) values ("Ceibos cuidadela Cumbres");
insert into sucursal(direccion) values ("Mapsingue Oeste, 5 1/9 km Via daule");
insert into sucursal(direccion) values ("Centro, boyaca y aguirre");
insert into sucursal(direccion) values ("Villa España");
insert into sucursal(direccion) values ("La joya");

insert into Repartidor(cedula, nombre, apellido, genero) values ("0931548765","Robert","Mera","M");
insert into Repartidor(cedula, nombre, apellido, genero) values ("0995648549","Domenica","Ochoa","F");
insert into Repartidor(cedula, nombre, apellido, genero) values ("0950095979","Xavier","Bermudez","M");
insert into Repartidor(cedula, nombre, apellido, genero) values ("0129997415","Carlos","Medina","M");
insert into Repartidor(cedula, nombre, apellido, genero) values ("0895659594","Dustin","Quinde","M");
insert into Repartidor(cedula, nombre, apellido, genero) values ("0987876598","Milena","suarez","F");
insert into Repartidor(cedula, nombre, apellido, genero) values ("0598985655","Melany","Cedeño","F");

insert into nCredito(monto, descripcion) values (45.45, "descripcion 1");
insert into nCredito(monto, descripcion) values (100.36, "descripcion 2");
insert into nCredito(monto, descripcion) values (12.65, "descripcion 3");
insert into nCredito(monto, descripcion) values (485.66, "descripcion 4");
insert into nCredito(monto, descripcion) values (153.55, "descripcion 5");
insert into nCredito(monto, descripcion) values (40.56, "descripcion 6");
insert into nCredito(monto, descripcion) values (89.23, "descripcion 7");

insert into Factura(monto, descripcion) values (89.23, "descripcion 7");
insert into Factura(monto, descripcion) values (45.45, "descripcion 1");
insert into Factura(monto, descripcion) values (100.36, "descripcion 2");
insert into Factura(monto, descripcion) values (12.65, "descripcion 3");
insert into Factura(monto, descripcion) values (485.66, "descripcion 4");
insert into Factura(monto, descripcion) values (153.55, "descripcion 5");
insert into Factura(monto, descripcion) values (40.56, "descripcion 6");
insert into Factura(monto, descripcion) values (89.23, "descripcion 7");

insert into cotizacion(monto, descripcion) values (89.23, "descripcion 7");
insert into cotizacion(monto, descripcion) values (45.45, "descripcion 1");
insert into cotizacion(monto, descripcion) values (100.36, "descripcion 2");
insert into cotizacion(monto, descripcion) values (12.65, "descripcion 3");
insert into cotizacion(monto, descripcion) values (485.66, "descripcion 4");
insert into cotizacion(monto, descripcion) values (153.55, "descripcion 5");
insert into cotizacion(monto, descripcion) values (40.56, "descripcion 6");
insert into cotizacion(monto, descripcion) values (89.23, "descripcion 7");

insert into FormaPago(factura,cotizacion) values (1,1);
insert into FormaPago(factura,cotizacion) values (2,2);
insert into FormaPago(factura,cotizacion) values (3,2);
insert into FormaPago(factura,cotizacion) values (4,3);
insert into FormaPago(factura,cotizacion) values (5,1);
insert into FormaPago(factura,cotizacion) values (6,2);
insert into FormaPago(factura,cotizacion) values (7,2);
insert into FormaPago(nCredito,cotizacion) values (1,1);
insert into FormaPago(nCredito,cotizacion) values (2,2);
insert into FormaPago(nCredito,cotizacion) values (3,4);
insert into FormaPago(nCredito,cotizacion) values (4,3);
insert into FormaPago(nCredito,cotizacion) values (5,6);
insert into FormaPago(nCredito,cotizacion) values (6,5);

insert into DocumentoEntrega(descripcion,repartidor,jefeBodega) values ("Entrega del pedido 1",1,1);
insert into DocumentoEntrega(descripcion,repartidor,jefeBodega) values ("Entrega del pedido 2",2,3);
insert into DocumentoEntrega(descripcion,repartidor,jefeBodega) values ("Entrega del pedido 3",3,2);
insert into DocumentoEntrega(descripcion,repartidor,jefeBodega) values ("Entrega del pedido 4",4,2);
insert into DocumentoEntrega(descripcion,repartidor,jefeBodega) values ("Entrega del pedido 5",6,1);
insert into DocumentoEntrega(descripcion,repartidor,jefeBodega) values ("Entrega del pedido 6",5,7);
insert into DocumentoEntrega(descripcion,repartidor,jefeBodega) values ("Entrega del pedido 7",7,6);
insert into DocumentoEntrega(descripcion,repartidor,jefeBodega) values ("Entrega del pedido 8",1,5);
insert into DocumentoEntrega(descripcion,repartidor,jefeBodega) values ("Entrega del pedido 9",2,4);
insert into DocumentoEntrega(descripcion,repartidor,jefeBodega) values ("Entrega del pedido 10",4,3);
insert into DocumentoEntrega(descripcion,repartidor,jefeBodega) values ("Entrega del pedido 11",6,2);
insert into DocumentoEntrega(descripcion,repartidor,jefeBodega) values ("Entrega del pedido 12",3,1);

insert into DetallePago(repartidor,cantidad) values (3,11.11);
insert into DetallePago(repartidor,cantidad) values (4,659.21);
insert into DetallePago(repartidor,cantidad) values (5,12.36);
insert into DetallePago(repartidor,cantidad) values (6,15.65);
insert into DetallePago(repartidor,cantidad) values (1,55.66);
insert into DetallePago(repartidor,cantidad) values (2,102.36);
insert into DetallePago(repartidor,cantidad) values (3,123.36);
insert into DetallePago(repartidor,cantidad) values (4,125.66);
insert into DetallePago(repartidor,cantidad) values (5,145.88);

insert into ProductoSucursal(producto,sucursal) values (1,1);
insert into ProductoSucursal(producto,sucursal) values (2,2);
insert into ProductoSucursal(producto,sucursal) values (3,2);
insert into ProductoSucursal(producto,sucursal) values (4,3);
insert into ProductoSucursal(producto,sucursal) values (5,1);
insert into ProductoSucursal(producto,sucursal) values (6,2);
insert into ProductoSucursal(producto,sucursal) values (7,2);
insert into ProductoSucursal(producto,sucursal) values (1,1);
insert into ProductoSucursal(producto,sucursal) values (2,2);
insert into ProductoSucursal(producto,sucursal) values (3,4);
insert into ProductoSucursal(producto,sucursal) values (4,3);
insert into ProductoSucursal(producto,sucursal) values (5,6);
insert into ProductoSucursal(producto,sucursal) values (6,5);

insert into Pago(producto,cliente,sucursal,formaPago,detallePago,fecha) values (6,7,1,3,1,"2019-12-12");
insert into Pago(producto,cliente,sucursal,formaPago,detallePago,fecha) values (1,6,1,5,2,"2019-12-13");
insert into Pago(producto,cliente,sucursal,formaPago,detallePago,fecha) values (2,5,3,4,3,"2019-12-12");
insert into Pago(producto,cliente,sucursal,formaPago,detallePago,fecha) values (3,4,4,3,4,"2019-12-12");
insert into Pago(producto,cliente,sucursal,formaPago,detallePago,fecha) values (4,3,5,2,4,"2019-12-14");
insert into Pago(producto,cliente,sucursal,formaPago,detallePago,fecha) values (5,2,6,1,6,"2019-12-15");
insert into Pago(producto,cliente,sucursal,formaPago,detallePago,fecha) values (6,1,7,7,5,"2019-12-16");
insert into Pago(producto,cliente,sucursal,formaPago,detallePago,fecha) values (7,7,1,6,6,"2019-12-16");
insert into Pago(producto,cliente,sucursal,formaPago,detallePago,fecha) values (7,6,1,5,7,"2019-12-17");
insert into Pago(producto,cliente,sucursal,formaPago,detallePago,fecha) values (1,5,2,3,1,"2019-12-18");
insert into Pago(producto,cliente,sucursal,formaPago,detallePago,fecha) values (2,4,3,4,2,"2019-12-16");
insert into Pago(producto,cliente,sucursal,formaPago,detallePago,fecha) values (3,3,3,2,3,"2019-12-12");
insert into Pago(producto,cliente,sucursal,formaPago,detallePago,fecha) values (5,3,1,4,4,"2019-12-13");
insert into Pago(producto,cliente,sucursal,formaPago,detallePago,fecha) values (4,1,2,1,5,"2019-12-12");